,0
0,https://www.zillow.com/homedetails/106-Newton-Ln-Fairlee-VT-05045/115801008_zpid/
1,https://www.zillow.com/homedetails/2811-Gregg-Hill-Rd-Waterbury-Center-VT-05677/75471073_zpid/
2,https://www.zillow.com/homedetails/404-Ridgefield-Rd-Shelburne-VT-05482/247016017_zpid/
3,https://www.zillow.com/homedetails/78-Gates-Rd-S-Mount-Holly-VT-05730/115789746_zpid/
4,https://www.zillow.com/homedetails/225-Pleasant-St-Chester-VT-05143/115813941_zpid/
5,https://www.zillow.com/homedetails/39-Brook-Ln-Shelburne-VT-05482/220864247_zpid/
6,https://www.zillow.com/homedetails/23-Bushey-Ln-Westford-VT-05494/220873891_zpid/
7,https://www.zillow.com/homedetails/1838-Brown-Schoolhouse-Rd-Reading-VT-05062/2089629606_zpid/
8,https://www.zillow.com/homedetails/1711-Abbott-Hill-Rd-West-Burke-VT-05871/115794751_zpid/
9,https://www.zillow.com/homedetails/1866-Robert-Young-Rd-Starksboro-VT-05487/81624195_zpid/
10,https://www.zillow.com/homedetails/12-Ely-Rd-Fairlee-VT-05045/75447285_zpid/
11,https://www.zillow.com/homedetails/53-Heath-Rd-Wolcott-VT-05680/92006678_zpid/
12,https://www.zillow.com/homedetails/50-Smead-Rd-Wardsboro-VT-05355/235263328_zpid/
13,https://www.zillow.com/homedetails/1442-Watkins-Hill-Rd-Poultney-VT-05764/250978093_zpid/
14,https://www.zillow.com/homedetails/224-Quent-Phelan-Rd-Cavendish-VT-05142/2076740824_zpid/
15,https://www.zillow.com/homedetails/770-Page-Hill-Road-Holland-VT-05830/2093704924_zpid/
16,https://www.zillow.com/homedetails/2179-Route-5-Brattleboro-VT-05301/2077133800_zpid/
17,https://www.zillow.com/homedetails/159-Doe-Hill-Rd-Newbury-VT-05051/92008505_zpid/
18,https://www.zillow.com/homedetails/484-Halladay-Rd-Middlebury-VT-05753/75411953_zpid/
19,https://www.zillow.com/homedetails/2800-Us-Highway-5-Sutton-VT-05867/2076626515_zpid/
20,https://www.zillow.com/homedetails/1169-Harwood-Hill-Rd-Bennington-VT-05201/75418538_zpid/
21,https://www.zillow.com/homedetails/393-Warren-Hill-Rd-Stowe-VT-05672/227730656_zpid/
22,https://www.zillow.com/homedetails/77-Cemetery-Rd-Putney-VT-05346/92037418_zpid/
23,https://www.zillow.com/homedetails/3833-Brandon-Mountain-Rd-Rochester-VT-05767/75482471_zpid/
24,https://www.zillow.com/homedetails/423-Route-114-Norton-VT-05907/2076635572_zpid/
25,https://www.zillow.com/homedetails/423-Main-St-Glover-VT-05842/92016246_zpid/
26,https://www.zillow.com/homedetails/202-Morgan-Rd-White-River-Junction-VT-05001/303989478_zpid/
27,https://www.zillow.com/homedetails/109-Highland-Dr-Huntington-VT-05462/220857364_zpid/
28,https://www.zillow.com/homedetails/198-Stone-Holw-South-Londonderry-VT-05155/304081216_zpid/
29,https://www.zillow.com/homedetails/195-Elliot-St-Brattleboro-VT-05301/2077163430_zpid/
30,https://www.zillow.com/homedetails/3186-Route-100-Wardsboro-VT-05355/235263452_zpid/
31,https://www.zillow.com/homedetails/438-Old-Bradley-Rd-St-Johnsbury-VT-05819/81602204_zpid/
32,https://www.zillow.com/homedetails/6272-State-Route-125-Addison-VT-05491/91992619_zpid/
33,https://www.zillow.com/homedetails/197-Dewing-Rd-Franklin-VT-05457/2076571256_zpid/
34,https://www.zillow.com/homedetails/1581-Happy-Hollow-Rd-S-Royalton-VT-05068/217745607_zpid/
35,https://www.zillow.com/homedetails/414-Notch-Rd-Middlesex-VT-05602/92029821_zpid/
36,https://www.zillow.com/homedetails/3074-State-Route-10-Chester-VT-05143/75489640_zpid/
37,https://www.zillow.com/homedetails/662-Main-St-Chester-VT-05143/92050857_zpid/
38,https://www.zillow.com/homedetails/112-Thomas-Pasture-Lane-Stowe-VT-05672/227731807_zpid/
39,https://www.zillow.com/homedetails/1106-North-Ave-Burlington-VT-05408/110240579_zpid/
40,https://www.zillow.com/homedetails/401-Brook-Rd-Chelsea-VT-05038/75446336_zpid/
41,https://www.zillow.com/homedetails/11-Maple-St-North-Springfield-VT-05150/75483876_zpid/
42,https://www.zillow.com/homedetails/12-Sunny-Meadow-Ln-Wolcott-VT-05680/92006305_zpid/
43,https://www.zillow.com/homedetails/186-N-Shore-Rd-Isle-La-Motte-VT-05463/2097238767_zpid/
44,https://www.zillow.com/homedetails/935-Scott-Rd-Franklin-VT-05457/75436452_zpid/
45,https://www.zillow.com/homedetails/921-River-Ridge-Rd-Hyde-Park-VT-05655/92004345_zpid/
46,https://www.zillow.com/homedetails/88-Monument-Ave-Bennington-VT-05201/75419722_zpid/
47,https://www.zillow.com/homedetails/295-Lochlea-Ln-Wells-VT-05774/115790070_zpid/
48,https://www.zillow.com/homedetails/115-Anderson-Rd-Grafton-VT-05143/235254849_zpid/
49,https://www.zillow.com/homedetails/98-Elm-St-Hardwick-VT-05843/91998550_zpid/
50,https://www.zillow.com/homedetails/1075-Grandey-Rd-Vergennes-VT-05491/2076570724_zpid/
51,https://www.zillow.com/homedetails/64-Pleasant-St-East-Hardwick-VT-05836/227749818_zpid/
52,https://www.zillow.com/homedetails/210-Hurlbut-Hill-Ln-Waterford-VT-05819/75427417_zpid/
53,https://www.zillow.com/homedetails/420-Steendom-Ln-Lyndonville-VT-05851/81600200_zpid/
54,https://www.zillow.com/homedetails/5491-State-Route-315-West-Rupert-VT-05776/2076637985_zpid/
55,https://www.zillow.com/homedetails/161-Church-St-Rutland-VT-05701/92022615_zpid/
56,https://www.zillow.com/homedetails/738-Stage-Rd-South-Pomfret-VT-05067/115811662_zpid/
57,https://www.zillow.com/homedetails/1246-Bricketts-Crossing-Rd-Cabot-VT-05467/75472239_zpid/
58,https://www.zillow.com/homedetails/2895-Bridgewater-Hill-Rd-Bridgewater-VT-05034/2077360019_zpid/
59,https://www.zillow.com/homedetails/153-Upper-Pasture-Rd-Norwich-VT-05055/75481333_zpid/
60,https://www.zillow.com/homedetails/60-Red-Cedar-Ln-Shelburne-VT-05482/220864255_zpid/
61,https://www.zillow.com/homedetails/1430-Cahoon-Farm-Rd-West-Danville-VT-05873/91997910_zpid/
62,https://www.zillow.com/homedetails/73-Phillips-St-Rutland-VT-05701/92019427_zpid/
63,https://www.zillow.com/homedetails/1847-Scales-Hill-Rd-Washington-VT-05675/115789480_zpid/
64,https://www.zillow.com/homedetails/335-Jordan-Rd-Springfield-VT-05156/248265922_zpid/
65,https://www.zillow.com/homedetails/116-Stratton-Rd-Rutland-VT-05701/92021867_zpid/
66,https://www.zillow.com/homedetails/210-Collins-Ln-North-Clarendon-VT-05759/94939932_zpid/
67,https://www.zillow.com/homedetails/89-Main-St-Rupert-VT-05768/2107212278_zpid/
68,https://www.zillow.com/homedetails/230-Blockhouse-Rd-Greensboro-VT-05841/2121817307_zpid/
69,https://www.zillow.com/homedetails/348-Chapin-Rd-1-Essex-Junction-VT-05452/2076569051_zpid/
70,https://www.zillow.com/homedetails/24-Brook-Dr-Burlington-VT-05408/12650557_zpid/
71,https://www.zillow.com/homedetails/10-Ives-Rd-Wilmington-VT-05363/235265535_zpid/
72,https://www.zillow.com/homedetails/1297-Scotch-Hill-Rd-Fair-Haven-VT-05743/75461673_zpid/
73,https://www.zillow.com/homedetails/463-Main-St-Cavendish-VT-05143/217735511_zpid/
74,https://www.zillow.com/homedetails/312-W-Jamaica-Rd-Stratton-VT-05360/115809571_zpid/
75,https://www.zillow.com/homedetails/115-Fenton-Rd-St-Johnsbury-VT-05819/118894546_zpid/
76,https://www.zillow.com/homedetails/416-River-St-Fair-Haven-VT-05743/75461578_zpid/
77,https://www.zillow.com/homedetails/5051-State-Route-103-N-Chester-VT-05143/2076567064_zpid/
78,https://www.zillow.com/homedetails/2368-Kenniston-Hill-Rd-Wheelock-VT-05866/2093631158_zpid/
79,https://www.zillow.com/homedetails/3559-State-Route-58-E-Lowell-VT-05847/303860833_zpid/
80,https://www.zillow.com/homedetails/1392-Dublin-Rd-Plymouth-VT-05056/2078233237_zpid/
81,https://www.zillow.com/homedetails/91-Prospect-St-Northfield-VT-05663/250871928_zpid/
82,https://www.zillow.com/homedetails/3390-State-Highway-100-Hyde-Park-VT-05655/92008199_zpid/
83,https://www.zillow.com/homedetails/762-Hampshire-Hill-Rd-Worcester-VT-05682/2077802649_zpid/
84,https://www.zillow.com/homedetails/59-Elm-Hill-St-Springfield-VT-05156/2078128977_zpid/
85,https://www.zillow.com/homedetails/663-Old-Center-Rd-Saint-Johnsbury-VT-05819/2076567301_zpid/
86,https://www.zillow.com/homedetails/110-Cape-Cod-Rd-Stowe-VT-05672/115799387_zpid/
87,https://www.zillow.com/homedetails/3-Lower-Notch-Rd-Bristol-VT-05443/2076637264_zpid/
88,https://www.zillow.com/homedetails/1033-Portland-St-Saint-Johnsbury-VT-05819/2076567111_zpid/
89,https://www.zillow.com/homedetails/2375-Island-Pond-Rd-East-Haven-VT-05837/2077706073_zpid/
90,https://www.zillow.com/homedetails/139-Toll-House-Rd-Newbury-VT-05051/92008535_zpid/
91,https://www.zillow.com/homedetails/1579-Broad-Brook-Rd-South-Royalton-VT-05068/75482980_zpid/
92,https://www.zillow.com/homedetails/313-Montgomery-Rd-East-Berkshire-VT-05447/224236875_zpid/
93,https://www.zillow.com/homedetails/64-Two-Brook-Dr-Wilmington-VT-05363/235267837_zpid/
94,https://www.zillow.com/homedetails/1863-Howard-Hill-Rd-Benson-VT-05743/75456273_zpid/
95,https://www.zillow.com/homedetails/1270-Mountain-Rd-Montgomery-Center-VT-05471/2107353051_zpid/
96,https://www.zillow.com/homedetails/354-Moore-Rd-Sharon-VT-05068/217746091_zpid/
97,https://www.zillow.com/homedetails/69-Jewett-Rd-Chester-VT-05143/2111343176_zpid/
98,https://www.zillow.com/homedetails/63-Grove-Ln-Shelburne-VT-05482/220864659_zpid/
99,https://www.zillow.com/homedetails/136-Stowell-Rd-Norwich-VT-05055/75481884_zpid/
100,https://www.zillow.com/homedetails/2838-State-Route-105-Richford-VT-05476/91999637_zpid/
101,https://www.zillow.com/homedetails/1157-W-Woodstock-Rd-Woodstock-VT-05091/75488729_zpid/
102,https://www.zillow.com/homedetails/185-Spruce-Ln-Dorset-VT-05251/81747558_zpid/
103,https://www.zillow.com/homedetails/671-Harrel-St-Morrisville-VT-05661/75439434_zpid/
104,https://www.zillow.com/homedetails/34-West-Rd-Bennington-VT-05201/81745711_zpid/
105,https://www.zillow.com/homedetails/359-Chaves-Rd-Londonderry-VT-05148/235257688_zpid/
106,https://www.zillow.com/homedetails/106-Fawn-Ledge-Ln-Jamaica-VT-05343/304081180_zpid/
107,https://www.zillow.com/homedetails/855-Marcs-Dr-Chester-VT-05143/217736618_zpid/
108,https://www.zillow.com/homedetails/552-State-Route-25-West-Topsham-VT-05086/115801321_zpid/
109,https://www.zillow.com/homedetails/32-Route-3-Pittsford-VT-05763/2087011199_zpid/
110,https://www.zillow.com/homedetails/1621-State-Highway-128-Westford-VT-05494/2077922893_zpid/
111,https://www.zillow.com/homedetails/145-Station-Rd-Mount-Holly-VT-05758/220890639_zpid/
112,https://www.zillow.com/homedetails/553-Coffeehouse-Rd-Killington-VT-05751/250978702_zpid/
113,https://www.zillow.com/homedetails/43-Idlewild-Rd-South-Hero-VT-05486/115789291_zpid/
114,https://www.zillow.com/homedetails/963-Route-100-Weston-VT-05161/217750885_zpid/
115,https://www.zillow.com/homedetails/78-River-St-Rutland-VT-05701/92023361_zpid/
116,https://www.zillow.com/homedetails/506-N-Hill-Rd-UNIT-3B-Stowe-VT-05672/2076567133_zpid/
117,https://www.zillow.com/homedetails/114-Main-St-Concord-VT-05824/126997760_zpid/
118,https://www.zillow.com/homedetails/968-Route-30-Dr-Dorset-VT-05251/2079258190_zpid/
119,https://www.zillow.com/homedetails/106-Maslack-Dr-Poultney-VT-05764/75454683_zpid/
